{"cameraMode":{"drawMode":0,"name":"Shaded","section":"Shading Mode"},"sceneLighting":true,"audioPlay":false,"sceneViewState":{"showFog":true,"showMaterialUpdate":false,"showSkybox":true,"showFlares":true,"showImageEffects":true,"showParticleSystems":true},"in2DMode":false,"pivot":{"x":5.21540641784668e-8,"y":-1.0,"z":0.11249996721744538},"rotation":{"x":-0.2439413219690323,"y":0.36989372968673708,"z":-0.10129955410957337,"w":-0.8907383680343628},"size":0.3563050627708435,"orthographic":false}