{"cameraMode":{"drawMode":0,"name":"Shaded","section":"Shading Mode"},"sceneLighting":true,"audioPlay":false,"sceneViewState":{"showFog":true,"showMaterialUpdate":false,"showSkybox":false,"showFlares":true,"showImageEffects":true,"showParticleSystems":true},"in2DMode":false,"pivot":{"x":2.44395112991333,"y":1.8037745952606202,"z":1.3871946334838868},"rotation":{"x":0.012142508290708065,"y":0.9858133792877197,"z":-0.0818219855427742,"w":0.1462712436914444},"size":9.151715278625489,"orthographic":false}