{"cameraMode":{"drawMode":0,"name":"Shaded","section":"Shading Mode"},"sceneLighting":true,"audioPlay":false,"sceneViewState":{"showFog":true,"showMaterialUpdate":false,"showSkybox":false,"showFlares":true,"showImageEffects":true,"showParticleSystems":true},"in2DMode":false,"pivot":{"x":1.5819377899169922,"y":6.543137550354004,"z":-1.8691167831420899},"rotation":{"x":0.04585924372076988,"y":0.8623054623603821,"z":-0.07939081639051438,"w":0.49808549880981448},"size":10.611441612243653,"orthographic":false}