{"cameraMode":{"drawMode":0,"name":"Shaded","section":"Shading Mode"},"sceneLighting":true,"audioPlay":false,"sceneViewState":{"showFog":true,"showMaterialUpdate":false,"showSkybox":false,"showFlares":true,"showImageEffects":true,"showParticleSystems":true},"in2DMode":false,"pivot":{"x":1.6555557250976563,"y":0.9782154560089111,"z":0.3269381523132324},"rotation":{"x":0.02063334360718727,"y":0.732192873954773,"z":-0.022197775542736055,"w":0.6804715991020203},"size":5.374837875366211,"orthographic":false}