{"cameraMode":{"drawMode":0,"name":"Shaded","section":"Shading Mode"},"sceneLighting":false,"audioPlay":false,"sceneViewState":{"showFog":true,"showMaterialUpdate":false,"showSkybox":false,"showFlares":true,"showImageEffects":true,"showParticleSystems":true},"in2DMode":false,"pivot":{"x":-0.007917826995253563,"y":-0.007917825132608414,"z":-0.02445339784026146},"rotation":{"x":0.05206693336367607,"y":-0.06228014454245567,"z":-0.003245878964662552,"w":-0.9967442750930786},"size":0.15476013720035554,"orthographic":false}