{"cameraMode":{"drawMode":0,"name":"Shaded","section":"Shading Mode"},"sceneLighting":true,"audioPlay":false,"sceneViewState":{"showFog":true,"showMaterialUpdate":false,"showSkybox":true,"showFlares":true,"showImageEffects":true,"showParticleSystems":true},"in2DMode":false,"pivot":{"x":0.2610015869140625,"y":0.0,"z":-3.3396244049072267},"rotation":{"x":0.23050382733345033,"y":-0.40628039836883547,"z":0.10668956488370896,"w":0.87774258852005},"size":0.23473411798477174,"orthographic":false}